20250722182401590,1,1,001,000160,202507,,,,,,,,,,,,,,,,,,,,,100,100,100,100,100,100,3000,3000,3000,3000,3000,3000,3000,3000,3000,3000,3000,3000,3000,3000,3000,3000,3000,3000,3000,3000,3000,3000,3000,3000,1,,,testuser
20250722182401590,1,2,001,000160,202507,,,,,,,,,,,,,,,,,,,,,100,100,100,100,100,100,3000,3000,3000,3000,3000,3000,3000,3000,3000,3000,3000,3000,3000,3000,3000,3000,3000,3000,3000,3000,3000,3000,3000,3000,2,,,testuser
20250722182401590,1,3,001,000160,202507,,,,,,,,,,,,,,,,,,,,,100,100,100,100,100,100,3000,3000,3000,3000,3000,3000,3000,3000,3000,3000,3000,3000,3000,3000,3000,3000,3000,3000,3000,3000,3000,3000,3000,3000,3,,,testuser
20250722182401590,1,4,001,000160,202507,,,,,,,,,,,,,,,,,,,,,100,100,100,100,100,100,3000,3000,3000,3000,3000,3000,3000,3000,3000,3000,3000,3000,3000,3000,3000,3000,3000,3000,3000,3000,3000,3000,3000,3000,4,,,testuser
20250722182401590,1,5,001,000160,202507,,,,,,,,,,,,,,,,,,,,,100,100,100,100,100,100,3000,3000,3000,3000,3000,3000,3000,3000,3000,3000,3000,3000,3000,3000,3000,3000,3000,3000,3000,3000,3000,3000,3000,3000,5,,,testuser
20250722182401590,1,6,001,000160,202507,,,,,,,,,,,,,,,,,,,,,100,100,100,100,100,100,3000,3000,3000,3000,3000,3000,3000,3000,3000,3000,3000,3000,3000,3000,3000,3000,3000,3000,3000,3000,3000,3000,3000,3000,6,,,testuser
20250722182401590,1,7,001,000160,202507,,,,,,,,,,,,,,,,,,,,,100,100,100,100,100,100,3000,3000,3000,3000,3000,3000,3000,3000,3000,3000,3000,3000,3000,3000,3000,3000,3000,3000,3000,3000,3000,3000,3000,3000,7,,,testuser
20250722182401590,1,8,001,000160,202507,,,,,,,,,,,,,,,,,,,,,100,100,100,100,100,100,3000,3000,3000,3000,3000,3000,3000,3000,3000,3000,3000,3000,3000,3000,3000,3000,3000,3000,3000,3000,3000,3000,3000,3000,8,,,testuser
20250722182401590,1,9,001,000160,202507,,,,,,,,,,,,,,,,,,,,,100,100,100,100,100,100,3000,3000,3000,3000,3000,3000,3000,3000,3000,3000,3000,3000,3000,3000,3000,3000,3000,3000,3000,3000,3000,3000,3000,3000,9,,,testuser
20250722182401590,1,10,001,000160,202507,,,,,,,,,,,,,,,,,,,,,100,100,100,100,100,100,3000,3000,3000,3000,3000,3000,3000,3000,3000,3000,3000,3000,3000,3000,3000,3000,3000,3000,3000,3000,3000,3000,3000,3000,10,,,testuser
20250722182401590,1,11,001,000160,202507,,,,,,,,,,,,,,,,,,,,,100,100,100,100,100,100,3000,3000,3000,3000,3000,3000,3000,3000,3000,3000,3000,3000,3000,3000,3000,3000,3000,3000,3000,3000,3000,3000,3000,3000,11,,,testuser
20250722182401590,1,12,001,000160,202507,,,,,,,,,,,,,,,,,,,,,100,100,100,100,100,100,3000,3000,3000,3000,3000,3000,3000,3000,3000,3000,3000,3000,3000,3000,3000,3000,3000,3000,3000,3000,3000,3000,3000,3000,12,,,testuser
20250722182401590,1,13,001,000160,202507,,,,,,,,,,,,,,,,,,,,,100,100,100,100,100,100,3000,3000,3000,3000,3000,3000,3000,3000,3000,3000,3000,3000,3000,3000,3000,3000,3000,3000,3000,3000,3000,3000,3000,3000,13,,,testuser
20250722182401590,1,14,001,000160,202507,,,,,,,,,,,,,,,,,,,,,100,100,100,100,100,100,3000,3000,3000,3000,3000,3000,3000,3000,3000,3000,3000,3000,3000,3000,3000,3000,3000,3000,3000,3000,3000,3000,3000,3000,14,,,testuser
20250722182401590,1,15,001,000160,202507,,,,,,,,,,,,,,,,,,,,,100,100,100,100,100,100,3000,3000,3000,3000,3000,3000,3000,3000,3000,3000,3000,3000,3000,3000,3000,3000,3000,3000,3000,3000,3000,3000,3000,3000,15,,,testuser
20250722182401590,1,16,001,000160,202507,,,,,,,,,,,,,,,,,,,,,100,100,100,100,100,100,3000,3000,3000,3000,3000,3000,3000,3000,3000,3000,3000,3000,3000,3000,3000,3000,3000,3000,3000,3000,3000,3000,3000,3000,16,,,testuser
20250722182401590,1,17,001,000160,202507,,,,,,,,,,,,,,,,,,,,,100,100,100,100,100,100,3000,3000,3000,3000,3000,3000,3000,3000,3000,3000,3000,3000,3000,3000,3000,3000,3000,3000,3000,3000,3000,3000,3000,3000,17,,,testuser
20250722182401590,1,18,001,000160,202507,,,,,,,,,,,,,,,,,,,,,100,100,100,100,100,100,3000,3000,3000,3000,3000,3000,3000,3000,3000,3000,3000,3000,3000,3000,3000,3000,3000,3000,3000,3000,3000,3000,3000,3000,18,,,testuser
20250722182401590,1,19,001,000160,202507,,,,,,,,,,,,,,,,,,,,,100,100,100,100,100,100,3000,3000,3000,3000,3000,3000,3000,3000,3000,3000,3000,3000,3000,3000,3000,3000,3000,3000,3000,3000,3000,3000,3000,3000,19,,,testuser
20250722182401590,1,20,001,000160,202507,,,,,,,,,,,,,,,,,,,,,100,100,100,100,100,100,3000,3000,3000,3000,3000,3000,3000,3000,3000,3000,3000,3000,3000,3000,3000,3000,3000,3000,3000,3000,3000,3000,3000,3000,20,,,testuser
20250722182401590,1,21,001,000160,202507,,,,,,,,,,,,,,,,,,,,,100,100,100,100,100,100,3000,3000,3000,3000,3000,3000,3000,3000,3000,3000,3000,3000,3000,3000,3000,3000,3000,3000,3000,3000,3000,3000,3000,3000,21,,,testuser
20250722182401590,1,22,001,000160,202507,,,,,,,,,,,,,,,,,,,,,100,100,100,100,100,100,3000,3000,3000,3000,3000,3000,3000,3000,3000,3000,3000,3000,3000,3000,3000,3000,3000,3000,3000,3000,3000,3000,3000,3000,22,,,testuser
20250722182401590,1,23,001,000160,202507,,,,,,,,,,,,,,,,,,,,,100,100,100,100,100,100,3000,3000,3000,3000,3000,3000,3000,3000,3000,3000,3000,3000,3000,3000,3000,3000,3000,3000,3000,3000,3000,3000,3000,3000,23,,,testuser
20250722182401590,1,24,001,000160,202507,,,,,,,,,,,,,,,,,,,,,100,100,100,100,100,100,3000,3000,3000,3000,3000,3000,3000,3000,3000,3000,3000,3000,3000,3000,3000,3000,3000,3000,3000,3000,3000,3000,3000,3000,24,,,testuser
20250722182401590,1,25,001,000160,202507,,,,,,,,,,,,,,,,,,,,,100,100,100,100,100,100,3000,3000,3000,3000,3000,3000,3000,3000,3000,3000,3000,3000,3000,3000,3000,3000,3000,3000,3000,3000,3000,3000,3000,3000,25,,,testuser
20250722182401590,1,26,001,000160,202507,,,,,,,,,,,,,,,,,,,,,100,100,100,100,100,100,3000,3000,3000,3000,3000,3000,3000,3000,3000,3000,3000,3000,3000,3000,3000,3000,3000,3000,3000,3000,3000,3000,3000,3000,1,,,testuser
20250722182401590,1,27,001,000160,202507,,,,,,,,,,,,,,,,,,,,,100,100,100,100,100,100,3000,3000,3000,3000,3000,3000,3000,3000,3000,3000,3000,3000,3000,3000,3000,3000,3000,3000,3000,3000,3000,3000,3000,3000,2,,,testuser
20250722182401590,1,28,001,000160,202507,,,,,,,,,,,,,,,,,,,,,100,100,100,100,100,100,3000,3000,3000,3000,3000,3000,3000,3000,3000,3000,3000,3000,3000,3000,3000,3000,3000,3000,3000,3000,3000,3000,3000,3000,3,,,testuser
20250722182401590,1,29,001,000160,202507,,,,,,,,,,,,,,,,,,,,,100,100,100,100,100,100,3000,3000,3000,3000,3000,3000,3000,3000,3000,3000,3000,3000,3000,3000,3000,3000,3000,3000,3000,3000,3000,3000,3000,3000,4,,,testuser
